date,serial_number,model,capacity_bytes,failure,smart_5_raw,smart_187_raw,smart_188_raw,smart_197_raw,smart_198_raw,smart_9_raw
2024-01-01,ZA1001,ST4000DM000,4000787030016,0,0,0,0,0,0,12000
2024-01-01,ZA1002,ST4000DM000,4000787030016,0,16,0,0,0,0,14500
2024-01-01,ZA1003,ST4000DM000,4000787030016,0,0,5,0,0,0,11200
2024-01-01,ZA1004,ST4000DM000,4000787030016,0,0,0,0,8,8,13100
2024-01-01,ZA1005,ST4000DM000,4000787030016,0,0,0,0,0,0,9800
2024-01-01,ZA1006,ST4000DM000,4000787030016,0,32,12,0,4,4,16200
2024-01-01,ZA1007,ST4000DM000,4000787030016,0,0,0,0,0,0,8700
2024-01-01,ZA1008,ST4000DM000,4000787030016,0,0,0,0,0,0,7600
2024-01-01,ZA1009,ST4000DM000,4000787030016,0,0,0,0,0,0,10500
2024-01-01,ZA1010,ST4000DM000,4000787030016,0,8,0,0,0,0,15300
2024-01-01,ZA1011,ST8000NM0055,8001563222016,0,0,0,0,0,0,6200
2024-01-01,ZA1012,ST8000NM0055,8001563222016,0,0,0,0,0,0,5400
2024-01-01,ZA1013,ST8000NM0055,8001563222016,0,64,2,1,16,16,18200
2024-01-01,ZA1014,ST8000NM0055,8001563222016,0,0,0,0,0,0,4900
2024-01-01,ZA1015,ST8000NM0055,8001563222016,0,0,0,0,0,0,5100
