cluster_size,incident_id,algorithm,algorithm_name,total_value,total_time,count,compute_ms,val_per_min,total_data_available,data_recovered,data_lost,lost_to_decay,lost_unvisited,recovery_percentage,time_budget,time_taken,time_remaining,time_utilization_percentage,optimality_gap
5,inc-2024-01-01-8-1,dvrtsp,DVR–TSP,177.76476992265742,47.43941754560961,5,0.024100001610349864,3.7471954572745187,14000000000000.0,10241591682786.85,3758408317213.15,3758408317213.15,0.0,73.15,55.0,47.439,7.561,86.25,
5,inc-2024-01-01-8-1,nn,Nearest Neighbor,177.76476992265742,47.43941754560961,5,0.02220000169472769,3.7471954572745187,14000000000000.0,10241591682786.85,3758408317213.15,3758408317213.15,0.0,73.15,55.0,47.439,7.561,86.25,
5,inc-2024-01-01-8-1,dijkstra,Dijkstra,169.88941134694474,50.071896179599804,5,0.02049999966402538,3.3929094823487183,14000000000000.0,9787867320400.11,4212132679599.89,4212132679599.89,0.0,69.91,55.0,50.072,4.928,91.04,
5,inc-2024-01-01-8-1,astar,A*,154.08905411404618,55.0,5,0.02550000135670416,2.8016191657099303,14000000000000.0,8877558673237.23,5122441326762.77,5122441326762.77,0.0,63.41,55.0,55.0,0.0,100.0,
5,inc-2024-01-01-8-1,bfs,BFS,169.88941134694474,50.071896179599804,5,0.013900000340072438,3.3929094823487183,14000000000000.0,9787867320400.11,4212132679599.89,4212132679599.89,0.0,69.91,55.0,50.072,4.928,91.04,
5,inc-2024-01-01-8-1,exact,Exact Solver (Optimal),178.5698059720221,44.76793724842695,5,0.10720000136643648,3.9887878903399026,14000000000000.0,10287972360528.02,3712027639471.98,3712027639471.98,0.0,73.49,55.0,44.768,10.232,81.4,0.0045082428408462554
5,inc-2024-01-02-8-2,dvrtsp,DVR–TSP,173.77483601057457,41.44248275258401,5,0.018799997633323073,4.193156984537549,14000000000000.0,10011718947111.29,3988281052888.71,3988281052888.71,0.0,71.51,55.0,41.442,13.558,75.35,
5,inc-2024-01-02-8-2,nn,Nearest Neighbor,174.1691012121039,41.35475062046136,5,0.012399999832268804,4.211586301427945,14000000000000.0,10034433814689.11,3965566185310.89,3965566185310.89,0.0,71.67,55.0,41.355,13.645,75.19,
5,inc-2024-01-02-8-2,dijkstra,Dijkstra,174.1691012121039,41.35475062046136,5,0.015699999494245276,4.211586301427945,14000000000000.0,10034433814689.11,3965566185310.89,3965566185310.89,0.0,71.67,55.0,41.355,13.645,75.19,
5,inc-2024-01-02-8-2,astar,A*,136.56764255809045,41.28472730956958,4,0.022300002456177026,3.307945854505736,14000000000000.0,7868094632976.4,6131905367023.59,3331905367023.59,2800000000000.0,56.2,55.0,41.285,13.715,75.06,
5,inc-2024-01-02-8-2,bfs,BFS,174.1691012121039,41.35475062046136,5,0.01179999890155159,4.211586301427945,14000000000000.0,10034433814689.11,3965566185310.89,3965566185310.89,0.0,71.67,55.0,41.355,13.645,75.19,
5,inc-2024-01-02-8-2,exact,Exact Solver (Optimal),174.1691012121039,41.35475062046136,5,0.0990999978967011,4.211586301427945,14000000000000.0,10034433814689.11,3965566185310.89,3965566185310.89,0.0,71.67,55.0,41.355,13.645,75.19,0.0022636920026887206
5,syn-inc-2024-01-01-8-1,dvrtsp,DVR–TSP,175.07921840171994,49.63103891998439,5,0.018200000340584666,3.527615423968542,23800000000000.0,15483277475129.06,8316722524870.94,8316722524870.94,0.0,65.06,55.0,49.631,5.369,90.24,
5,syn-inc-2024-01-01-8-1,nn,Nearest Neighbor,181.89776799415907,39.36736197975174,5,0.0121000011858996,4.620522149483031,23800000000000.0,14645323284616.08,9154676715383.92,9154676715383.92,0.0,61.53,55.0,39.367,15.633,71.58,
5,syn-inc-2024-01-01-8-1,dijkstra,Dijkstra,180.97629220510623,44.93920001325592,5,0.014900000678608194,4.027136490007006,23800000000000.0,15068773627680.06,8731226372319.94,8731226372319.94,0.0,63.31,55.0,44.939,10.061,81.71,
5,syn-inc-2024-01-01-8-1,astar,A*,171.41320267975493,49.93955483155017,5,0.020899999071843922,3.432413509850947,23800000000000.0,15076830301475.79,8723169698524.21,8723169698524.21,0.0,63.35,55.0,49.94,5.06,90.8,
5,syn-inc-2024-01-01-8-1,bfs,BFS,180.97629220510623,44.93920001325592,5,0.01080000220099464,4.027136490007006,23800000000000.0,15068773627680.06,8731226372319.94,8731226372319.94,0.0,63.31,55.0,44.939,10.061,81.71,
5,syn-inc-2024-01-01-8-1,exact,Exact Solver (Optimal),186.33568712349222,47.22483062762107,5,0.112599998828955,3.9457142492006607,23800000000000.0,15607111561357.72,8192888438642.28,8192888438642.28,0.0,65.58,55.0,47.225,7.775,85.86,0.06040962359675182
8,inc-2024-01-01-8-1,dvrtsp,DVR–TSP,247.2043905831642,45.40750701118784,7,0.029599999834317714,5.444130428086619,28000000000000.0,16133223035390.06,11866776964609.94,6266776964609.94,5600000000000.0,57.62,55.0,45.408,9.592,82.56,
8,inc-2024-01-01-8-1,nn,Nearest Neighbor,240.63067541123732,48.115320485933815,7,0.01840000186348334,5.001123820459308,28000000000000.0,15648345807206.45,12351654192793.55,6751654192793.55,5600000000000.0,55.89,55.0,48.115,6.885,87.48,
8,inc-2024-01-01-8-1,dijkstra,Dijkstra,231.94264933313252,51.03461820566147,7,0.021400002879090607,4.544810120817211,28000000000000.0,15682193146645.91,12317806853354.08,9517806853354.08,2800000000000.0,56.01,55.0,51.035,3.965,92.79,
8,inc-2024-01-01-8-1,astar,A*,166.25377721451846,53.86241844280736,5,0.030700000934302807,3.086637808345933,28000000000000.0,9578406917708.88,18421593082291.12,4421593082291.12,14000000000000.0,34.21,55.0,53.862,1.138,97.93,
8,inc-2024-01-01-8-1,bfs,BFS,228.5594892726341,53.08548147999024,7,0.016600002709310502,4.305499034774434,28000000000000.0,15609247309090.67,12390752690909.33,9590752690909.33,2800000000000.0,55.75,55.0,53.085,1.915,96.52,
8,inc-2024-01-01-8-1,exact,Exact Solver (Optimal),262.14640729941146,54.08430229711991,8,1.3808999974571634,4.846996192338257,28000000000000.0,17702140360090.89,10297859639909.1,10297859639909.1,0.0,63.22,55.0,54.084,0.916,98.34,0.05699874688414545
8,inc-2024-01-02-8-2,dvrtsp,DVR–TSP,251.07517919026463,48.27900045046574,7,0.030799998057773337,5.200504916166767,25200000000000.0,16364198694050.91,8835801305949.09,6035801305949.09,2800000000000.0,64.94,55.0,48.279,6.721,87.78,
8,inc-2024-01-02-8-2,nn,Nearest Neighbor,252.47403883747447,47.93345844740852,7,0.019600000086938962,5.267177604438518,25200000000000.0,16365902775103.35,8834097224896.65,6034097224896.65,2800000000000.0,64.94,55.0,47.933,7.067,87.15,
8,inc-2024-01-02-8-2,dijkstra,Dijkstra,212.76262458509032,51.05463067458683,6,0.022400003217626363,4.167352143651799,25200000000000.0,13792703924025.14,11407296075974.86,5807296075974.86,5600000000000.0,54.73,55.0,51.055,3.945,92.83,
8,inc-2024-01-02-8-2,astar,A*,210.33139202879823,53.88891139285433,6,0.03199999991920777,3.9030551293839677,25200000000000.0,13356224580122.85,11843775419877.15,6243775419877.15,5600000000000.0,53.0,55.0,53.889,1.111,97.98,
8,inc-2024-01-02-8-2,bfs,BFS,207.74243796335537,53.02994338985966,6,0.014899997040629387,3.917455397530741,25200000000000.0,13503475065159.75,11696524934840.25,6096524934840.25,5600000000000.0,53.59,55.0,53.03,1.97,96.42,
8,inc-2024-01-02-8-2,exact,Exact Solver (Optimal),252.47403883747447,47.93345844740852,7,8.375699999305652,5.267177604438518,25200000000000.0,16365902775103.35,8834097224896.65,6034097224896.65,2800000000000.0,64.94,55.0,47.933,7.067,87.15,0.00554060787259922
8,syn-inc-2024-01-01-8-1,dvrtsp,DVR–TSP,238.6724256864488,50.83576114442978,6,0.03239999932702631,4.694971026564453,43400000000000.0,21685673728827.62,21714326271172.37,13314326271172.37,8400000000000.0,49.97,55.0,50.836,4.164,92.43,
8,syn-inc-2024-01-01-8-1,nn,Nearest Neighbor,240.47619533676652,55.0,7,0.01939999856404029,4.372294460668482,43400000000000.0,21162758351149.36,22237241648850.64,16637241648850.64,5600000000000.0,48.76,55.0,55.0,0.0,100.0,
8,syn-inc-2024-01-01-8-1,dijkstra,Dijkstra,235.4244510741734,55.0,6,0.022799998987466097,4.280444564984971,43400000000000.0,19694083048040.11,23705916951959.89,8305916951959.89,15400000000000.0,45.38,55.0,55.0,0.0,100.0,
8,syn-inc-2024-01-01-8-1,astar,A*,201.21648040052114,52.202561594731,6,0.03469999865046702,3.8545326944421565,43400000000000.0,16175585545879.71,27224414454120.29,11824414454120.29,15400000000000.0,37.27,55.0,52.203,2.797,94.91,
8,syn-inc-2024-01-01-8-1,bfs,BFS,235.4244510741734,55.0,6,0.015399997209897265,4.280444564984971,43400000000000.0,19694083048040.11,23705916951959.89,8305916951959.89,15400000000000.0,45.38,55.0,55.0,0.0,100.0,
8,syn-inc-2024-01-01-8-1,exact,Exact Solver (Optimal),266.51497261430177,55.0,7,1.4159999991534278,4.845726774805486,43400000000000.0,23544515412351.65,19855484587648.35,14255484587648.35,5600000000000.0,54.25,55.0,55.0,0.0,100.0,0.10446897843952078
