cluster_size,algorithm,algorithm_name,mean_value,std_value,ci95_value,mean_time_min,std_time_min,mean_compute_ms,std_compute_ms,mean_efficiency,mean_recovery_pct,std_recovery_pct,ci95_recovery_pct,mean_data_recovered,std_data_recovered,ci95_data_recovered,mean_time_taken,std_time_taken,ci95_time_taken,mean_time_utilization_pct,std_time_utilization_pct,ci95_time_utilization_pct,mean_data_available
5,dvrtsp,DVR–TSP,175.54,2.03,5.05,46.17,4.24,0.02,0.003,3.82,69.91,4.28,10.62,11912196035009.07,3094782279519.65,7687865370211.42,46.17,4.24,10.53,83.95,7.71,19.15,17266666666666.67
5,nn,Nearest Neighbor,177.94,3.87,9.61,42.72,4.21,0.016,0.006,4.19,68.78,6.33,15.71,11640449594030.68,2604357505769.5,6469582694962.05,42.72,4.21,10.45,77.67,7.64,18.99,17266666666666.67
5,dijkstra,Dijkstra,175.01,5.59,13.89,45.46,4.38,0.017,0.003,3.88,68.3,4.41,10.95,11630358254256.43,2980306019383.49,7403490575307.05,45.46,4.38,10.88,82.65,7.97,19.79,17266666666666.67
5,astar,A*,154.02,17.42,43.28,48.74,6.94,0.023,0.002,3.18,60.99,4.15,10.3,10607494535896.47,3903328842316.49,9696406378561.14,48.74,6.94,17.23,88.62,12.61,31.33,17266666666666.67
5,bfs,BFS,175.01,5.59,13.89,45.46,4.38,0.012,0.002,3.88,68.3,4.41,10.95,11630358254256.43,2980306019383.49,7403490575307.05,45.46,4.38,10.88,82.65,7.97,19.79,17266666666666.67
5,exact,Exact Solver,179.69,6.16,15.3,44.45,2.95,0.106,0.007,4.05,70.25,4.14,10.29,11976505912191.62,3146751258579.89,7816963470936.13,44.45,2.95,7.32,80.82,5.36,13.31,17266666666666.67
8,dvrtsp,DVR–TSP,245.65,6.35,15.76,48.17,2.72,0.031,0.001,5.11,57.51,7.49,18.6,18061031819422.86,3141155705673.23,7803063346942.59,48.17,2.72,6.75,87.59,4.94,12.27,32200000000000.0
8,nn,Nearest Neighbor,244.53,6.88,17.1,50.35,4.03,0.019,0.001,4.88,56.53,8.11,20.14,17725668977819.72,2998151016999.64,7447820006851.42,50.35,4.03,10.01,91.54,7.33,18.2,32200000000000.0
8,dijkstra,Dijkstra,226.71,12.2,30.32,52.36,2.28,0.022,0.001,4.33,52.04,5.8,14.42,16389660039570.38,3013627539159.09,7486265819194.44,52.36,2.28,5.67,95.21,4.15,10.31,32200000000000.0
8,astar,A*,192.6,23.27,57.8,53.32,0.97,0.032,0.002,3.61,41.49,10.08,25.04,13036739014570.48,3310172915867.95,8222925372722.13,53.32,0.97,2.4,96.94,1.76,4.37,32200000000000.0
8,bfs,BFS,223.91,14.42,35.81,53.71,1.12,0.016,0.001,4.17,51.57,5.47,13.59,16268935140763.51,3147586031527.72,7819037161896.57,53.71,1.12,2.79,97.65,2.04,5.06,32200000000000.0
8,exact,Exact Solver,260.38,7.19,17.85,52.34,3.84,3.724,4.028,4.99,60.8,5.74,14.26,19204186182515.3,3817751444032.49,9483820336210.4,52.34,3.84,9.55,95.16,6.99,17.36,32200000000000.0
